object_id,row_id,x_coord,y_coord,orientation_deg
1,1,0.288,-4.023,-0.13
2,1,0.732,-4.024,-0.13
3,1,1.176,-4.025,-0.13
4,1,1.62,-4.026,-0.13
5,1,2.064,-4.027,-0.13
6,1,2.508,-4.028,-0.13
7,1,2.952,-4.029,-0.13
8,1,3.396,-4.03,-0.13
9,1,3.84,-4.031,-0.13
10,1,4.284,-4.032,-0.13
11,1,4.728,-4.033,-0.13
12,1,5.172,-4.034,-0.13
13,1,5.616,-4.034,-0.13
14,1,6.06,-4.035,-0.13
15,1,6.505,-4.036,-0.13
16,1,6.949,-4.037,-0.13
17,1,7.393,-4.038,-0.13
18,1,7.837,-4.039,-0.13
19,1,8.281,-4.04,-0.13
20,1,8.725,-4.041,-0.13
21,1,9.169,-4.042,-0.13
22,1,9.613,-4.043,-0.13
23,1,10.057,-4.044,-0.13
24,1,10.501,-4.045,-0.13
25,1,10.945,-4.046,-0.13
26,1,11.389,-4.047,-0.13
27,1,11.833,-4.048,-0.13
28,1,12.277,-4.049,-0.13
29,1,12.721,-4.05,-0.13
30,1,13.165,-4.051,-0.13
31,1,13.61,-4.052,-0.13
32,1,14.054,-4.053,-0.13
33,1,14.498,-4.054,-0.13
34,1,14.942,-4.055,-0.13
35,1,15.386,-4.056,-0.13
36,1,15.83,-4.057,-0.13
37,1,16.274,-4.058,-0.13
38,1,16.718,-4.059,-0.13
39,2,-0.143,-5.807,-0.36
40,2,0.311,-5.81,-0.36
41,2,0.766,-5.813,-0.36
42,2,1.22,-5.816,-0.36
43,2,1.675,-5.819,-0.36
44,2,2.129,-5.822,-0.36
45,2,2.584,-5.824,-0.36
46,2,3.038,-5.827,-0.36
47,2,3.493,-5.83,-0.36
48,2,3.947,-5.833,-0.36
49,2,4.401,-5.836,-0.36
50,2,4.856,-5.839,-0.36
51,2,5.31,-5.842,-0.36
52,2,5.765,-5.844,-0.36
53,2,6.219,-5.847,-0.36
54,2,6.674,-5.85,-0.36
55,2,7.128,-5.853,-0.36
56,2,7.583,-5.856,-0.36
57,2,8.037,-5.859,-0.36
58,2,8.491,-5.862,-0.36
59,2,8.946,-5.864,-0.36
60,2,9.4,-5.867,-0.36
61,2,9.855,-5.87,-0.36
62,2,10.309,-5.873,-0.36
63,2,10.764,-5.876,-0.36
64,2,11.218,-5.879,-0.36
65,2,11.672,-5.881,-0.36
66,2,12.127,-5.884,-0.36
67,2,12.581,-5.887,-0.36
68,2,13.036,-5.89,-0.36
69,2,13.49,-5.893,-0.36
70,2,13.945,-5.896,-0.36
71,2,14.399,-5.899,-0.36
72,2,14.854,-5.901,-0.36
73,2,15.308,-5.904,-0.36
74,2,15.762,-5.907,-0.36
75,2,16.217,-5.91,-0.36
76,2,16.671,-5.913,-0.36
77,3,-0.175,-7.72,0.07
78,3,0.282,-7.719,0.07
79,3,0.739,-7.719,0.07
80,3,1.196,-7.718,0.07
81,3,1.653,-7.717,0.07
82,3,2.11,-7.717,0.07
83,3,2.567,-7.716,0.07
84,3,3.024,-7.716,0.07
85,3,3.481,-7.715,0.07
86,3,3.938,-7.715,0.07
87,3,4.395,-7.714,0.07
88,3,4.852,-7.713,0.07
89,3,5.309,-7.713,0.07
90,3,5.766,-7.712,0.07
91,3,6.223,-7.712,0.07
92,3,6.68,-7.711,0.07
93,3,7.137,-7.711,0.07
94,3,7.594,-7.71,0.07
95,3,8.051,-7.709,0.07
96,3,8.508,-7.709,0.07
97,3,8.965,-7.708,0.07
98,3,9.422,-7.708,0.07
99,3,9.879,-7.707,0.07
100,3,10.335,-7.707,0.07
101,3,10.792,-7.706,0.07
102,3,11.249,-7.705,0.07
103,3,11.706,-7.705,0.07
104,3,12.163,-7.704,0.07
105,3,12.62,-7.704,0.07
106,3,13.077,-7.703,0.07
107,3,13.534,-7.702,0.07
108,3,13.991,-7.702,0.07
109,3,14.448,-7.701,0.07
110,3,14.905,-7.701,0.07
111,3,15.362,-7.7,0.07
112,3,15.819,-7.7,0.07
113,3,16.276,-7.699,0.07
114,3,16.733,-7.698,0.07
115,4,-0.094,-9.424,-0.16
116,4,0.361,-9.425,-0.16
117,4,0.816,-9.426,-0.16
118,4,1.272,-9.428,-0.16
119,4,1.727,-9.429,-0.16
120,4,2.183,-9.43,-0.16
121,4,2.638,-9.432,-0.16
122,4,3.093,-9.433,-0.16
123,4,3.549,-9.434,-0.16
124,4,4.004,-9.435,-0.16
125,4,4.46,-9.437,-0.16
126,4,4.915,-9.438,-0.16
127,4,5.37,-9.439,-0.16
128,4,5.826,-9.441,-0.16
129,4,6.281,-9.442,-0.16
130,4,6.737,-9.443,-0.16
131,4,7.192,-9.445,-0.16
132,4,7.647,-9.446,-0.16
133,4,8.103,-9.447,-0.16
134,4,8.558,-9.448,-0.16
135,4,9.014,-9.45,-0.16
136,4,9.469,-9.451,-0.16
137,4,9.924,-9.452,-0.16
138,4,10.38,-9.454,-0.16
139,4,10.835,-9.455,-0.16
140,4,11.291,-9.456,-0.16
141,4,11.746,-9.458,-0.16
142,4,12.201,-9.459,-0.16
143,4,12.657,-9.46,-0.16
144,4,13.112,-9.461,-0.16
145,4,13.568,-9.463,-0.16
146,4,14.023,-9.464,-0.16
147,4,14.478,-9.465,-0.16
148,4,14.934,-9.467,-0.16
149,4,15.389,-9.468,-0.16
150,4,15.845,-9.469,-0.16
151,4,16.3,-9.47,-0.16
152,4,16.756,-9.472,-0.16
153,5,-0.17,-11.247,-0.29
154,5,0.285,-11.249,-0.29
155,5,0.741,-11.252,-0.29
156,5,1.197,-11.254,-0.29
157,5,1.653,-11.256,-0.29
158,5,2.109,-11.259,-0.29
159,5,2.565,-11.261,-0.29
160,5,3.021,-11.263,-0.29
161,5,3.476,-11.265,-0.29
162,5,3.932,-11.268,-0.29
163,5,4.388,-11.27,-0.29
164,5,4.844,-11.272,-0.29
165,5,5.3,-11.275,-0.29
166,5,5.756,-11.277,-0.29
167,5,6.212,-11.279,-0.29
168,5,6.667,-11.281,-0.29
169,5,7.123,-11.284,-0.29
170,5,7.579,-11.286,-0.29
171,5,8.035,-11.288,-0.29
172,5,8.491,-11.29,-0.29
173,5,8.947,-11.293,-0.29
174,5,9.403,-11.295,-0.29
175,5,9.858,-11.297,-0.29
176,5,10.314,-11.3,-0.29
177,5,10.77,-11.302,-0.29
178,5,11.226,-11.304,-0.29
179,5,11.682,-11.306,-0.29
180,5,12.138,-11.309,-0.29
181,5,12.594,-11.311,-0.29
182,5,13.049,-11.313,-0.29
183,5,13.505,-11.316,-0.29
184,5,13.961,-11.318,-0.29
185,5,14.417,-11.32,-0.29
186,5,14.873,-11.322,-0.29
187,5,15.329,-11.325,-0.29
188,5,15.784,-11.327,-0.29
189,5,16.24,-11.329,-0.29
190,5,16.696,-11.331,-0.29
191,6,-0.094,-13.048,-0.41
192,6,0.36,-13.051,-0.41
193,6,0.814,-13.054,-0.41
194,6,1.268,-13.057,-0.41
195,6,1.722,-13.061,-0.41
196,6,2.176,-13.064,-0.41
197,6,2.63,-13.067,-0.41
198,6,3.084,-13.071,-0.41
199,6,3.538,-13.074,-0.41
200,6,3.992,-13.077,-0.41
201,6,4.446,-13.08,-0.41
202,6,4.9,-13.084,-0.41
203,6,5.354,-13.087,-0.41
204,6,5.808,-13.09,-0.41
205,6,6.262,-13.094,-0.41
206,6,6.716,-13.097,-0.41
207,6,7.17,-13.1,-0.41
208,6,7.623,-13.103,-0.41
209,6,8.077,-13.107,-0.41
210,6,8.531,-13.11,-0.41
211,6,8.985,-13.113,-0.41
212,6,9.439,-13.117,-0.41
213,6,9.893,-13.12,-0.41
214,6,10.347,-13.123,-0.41
215,6,10.801,-13.126,-0.41
216,6,11.255,-13.13,-0.41
217,6,11.709,-13.133,-0.41
218,6,12.163,-13.136,-0.41
219,6,12.617,-13.139,-0.41
220,6,13.071,-13.143,-0.41
221,6,13.525,-13.146,-0.41
222,6,13.979,-13.149,-0.41
223,6,14.433,-13.153,-0.41
224,6,14.887,-13.156,-0.41
225,6,15.341,-13.159,-0.41
226,6,15.795,-13.162,-0.41
227,6,16.249,-13.166,-0.41
228,6,16.703,-13.169,-0.41
229,7,-0.132,-14.986,-0.14
230,7,0.323,-14.987,-0.14
231,7,0.778,-14.988,-0.14
232,7,1.233,-14.989,-0.14
233,7,1.688,-14.99,-0.14
234,7,2.143,-14.991,-0.14
235,7,2.598,-14.992,-0.14
236,7,3.053,-14.993,-0.14
237,7,3.508,-14.995,-0.14
238,7,3.963,-14.996,-0.14
239,7,4.418,-14.997,-0.14
240,7,4.873,-14.998,-0.14
241,7,5.328,-14.999,-0.14
242,7,5.783,-15.0,-0.14
243,7,6.238,-15.001,-0.14
244,7,6.693,-15.002,-0.14
245,7,7.148,-15.004,-0.14
246,7,7.603,-15.005,-0.14
247,7,8.058,-15.006,-0.14
248,7,8.513,-15.007,-0.14
249,7,8.968,-15.008,-0.14
250,7,9.423,-15.009,-0.14
251,7,9.878,-15.01,-0.14
252,7,10.333,-15.011,-0.14
253,7,10.788,-15.012,-0.14
254,7,11.243,-15.014,-0.14
255,7,11.698,-15.015,-0.14
256,7,12.153,-15.016,-0.14
257,7,12.608,-15.017,-0.14
258,7,13.063,-15.018,-0.14
259,7,13.518,-15.019,-0.14
260,7,13.973,-15.02,-0.14
261,7,14.428,-15.021,-0.14
262,7,14.883,-15.023,-0.14
263,7,15.338,-15.024,-0.14
264,7,15.793,-15.025,-0.14
265,7,16.248,-15.026,-0.14
266,7,16.703,-15.027,-0.14
267,8,-0.077,-16.715,-0.53
268,8,0.375,-16.719,-0.53
269,8,0.827,-16.723,-0.53
270,8,1.279,-16.727,-0.53
271,8,1.731,-16.731,-0.53
272,8,2.183,-16.735,-0.53
273,8,2.635,-16.74,-0.53
274,8,3.087,-16.744,-0.53
275,8,3.538,-16.748,-0.53
276,8,3.99,-16.752,-0.53
277,8,4.442,-16.756,-0.53
278,8,4.894,-16.761,-0.53
279,8,5.346,-16.765,-0.53
280,8,5.798,-16.769,-0.53
281,8,6.25,-16.773,-0.53
282,8,6.702,-16.777,-0.53
283,8,7.154,-16.781,-0.53
284,8,7.606,-16.786,-0.53
285,8,8.057,-16.79,-0.53
286,8,8.509,-16.794,-0.53
287,8,8.961,-16.798,-0.53
288,8,9.413,-16.802,-0.53
289,8,9.865,-16.806,-0.53
290,8,10.317,-16.811,-0.53
291,8,10.769,-16.815,-0.53
292,8,11.221,-16.819,-0.53
293,8,11.673,-16.823,-0.53
294,8,12.125,-16.827,-0.53
295,8,12.576,-16.832,-0.53
296,8,13.028,-16.836,-0.53
297,8,13.48,-16.84,-0.53
298,8,13.932,-16.844,-0.53
299,8,14.384,-16.848,-0.53
300,8,14.836,-16.852,-0.53
301,8,15.288,-16.857,-0.53
302,8,15.74,-16.861,-0.53
303,8,16.192,-16.865,-0.53
304,8,16.644,-16.869,-0.53
305,9,-0.103,-18.525,-0.61
306,9,0.351,-18.53,-0.61
307,9,0.805,-18.535,-0.61
308,9,1.259,-18.54,-0.61
309,9,1.713,-18.545,-0.61
310,9,2.167,-18.55,-0.61
311,9,2.621,-18.554,-0.61
312,9,3.075,-18.559,-0.61
313,9,3.529,-18.564,-0.61
314,9,3.983,-18.569,-0.61
315,9,4.437,-18.574,-0.61
316,9,4.891,-18.579,-0.61
317,9,5.345,-18.584,-0.61
318,9,5.799,-18.588,-0.61
319,9,6.253,-18.593,-0.61
320,9,6.707,-18.598,-0.61
321,9,7.161,-18.603,-0.61
322,9,7.615,-18.608,-0.61
323,9,8.069,-18.613,-0.61
324,9,8.523,-18.618,-0.61
325,9,8.977,-18.622,-0.61
326,9,9.431,-18.627,-0.61
327,9,9.885,-18.632,-0.61
328,9,10.339,-18.637,-0.61
329,9,10.793,-18.642,-0.61
330,9,11.247,-18.647,-0.61
331,9,11.701,-18.652,-0.61
332,9,12.155,-18.657,-0.61
333,9,12.609,-18.661,-0.61
334,9,13.062,-18.666,-0.61
335,9,13.516,-18.671,-0.61
336,9,13.97,-18.676,-0.61
337,9,14.424,-18.681,-0.61
338,9,14.878,-18.686,-0.61
339,9,15.332,-18.691,-0.61
340,9,15.786,-18.695,-0.61
341,9,16.24,-18.7,-0.61
342,9,16.694,-18.705,-0.61
343,10,-0.086,-20.395,-0.38
344,10,0.37,-20.398,-0.38
345,10,0.826,-20.401,-0.38
346,10,1.282,-20.404,-0.38
347,10,1.738,-20.407,-0.38
348,10,2.194,-20.41,-0.38
349,10,2.65,-20.413,-0.38
350,10,3.106,-20.416,-0.38
351,10,3.563,-20.419,-0.38
352,10,4.019,-20.422,-0.38
353,10,4.475,-20.425,-0.38
354,10,4.931,-20.428,-0.38
355,10,5.387,-20.431,-0.38
356,10,5.843,-20.434,-0.38
357,10,6.299,-20.437,-0.38
358,10,6.755,-20.44,-0.38
359,10,7.211,-20.443,-0.38
360,10,7.668,-20.446,-0.38
361,10,8.124,-20.449,-0.38
362,10,8.58,-20.452,-0.38
363,10,9.036,-20.455,-0.38
364,10,9.492,-20.458,-0.38
365,10,9.948,-20.461,-0.38
366,10,10.404,-20.464,-0.38
367,10,10.86,-20.467,-0.38
368,10,11.317,-20.47,-0.38
369,10,11.773,-20.473,-0.38
370,10,12.229,-20.476,-0.38
371,10,12.685,-20.479,-0.38
372,10,13.141,-20.482,-0.38
373,10,13.597,-20.485,-0.38
374,10,14.053,-20.488,-0.38
375,10,14.509,-20.491,-0.38
376,10,14.965,-20.494,-0.38
377,10,15.422,-20.497,-0.38
378,10,15.878,-20.5,-0.38
379,10,16.334,-20.503,-0.38
380,10,16.79,-20.506,-0.38
